sirket_adi,kap_id,api_url
"Kuveyt Türk Sukuk Varlık Kiralama A.Ş.","8acae2c45a97ffbc015b1e02e5033b72","https://www.kap.org.tr/tr/api/company-detail/sgbf-data/8acae2c45a97ffbc015b1e02e5033b72/ODA/365"
"Tera Varlık Kiralama A.Ş.","8acae2c49b85f8cf019c2d1ef34e1606","https://www.kap.org.tr/tr/api/company-detail/sgbf-data/8acae2c49b85f8cf019c2d1ef34e1606/ODA/365"
"Zkb Varlık Kiralama A.Ş.","8acae2c465a51c3b01672b4d7dd02796","https://www.kap.org.tr/tr/api/company-detail/sgbf-data/8acae2c465a51c3b01672b4d7dd02796/ODA/365"
"Bereket Varlık Kiralama A.Ş.","8acae2c4508ff7260151497fffa30e9e","https://www.kap.org.tr/tr/api/company-detail/sgbf-data/8acae2c4508ff7260151497fffa30e9e/ODA/365"
"Nurol Varlık Kiralama A.Ş.","8acae2c55d8500f8015ee16f113a0c19","https://www.kap.org.tr/tr/api/company-detail/sgbf-data/8acae2c55d8500f8015ee16f113a0c19/ODA/365"
"Ata Varlık Kiralama Şirketi A.Ş.","8acae2c494bafc93019634bf00163e28","https://www.kap.org.tr/tr/api/company-detail/sgbf-data/8acae2c494bafc93019634bf00163e28/ODA/365"
"Kalkınma Yatırım Varlık Kiralama A.Ş.","8acae2c47afb298b017b638d20d840cd","https://www.kap.org.tr/tr/api/company-detail/sgbf-data/8acae2c47afb298b017b638d20d840cd/ODA/365"
"Ziraat Katılım Varlık Kiralama A.Ş.","8acae2c5540d442c0154a032b7740b6f","https://www.kap.org.tr/tr/api/company-detail/sgbf-data/8acae2c5540d442c0154a032b7740b6f/ODA/365"
"Hedef Varlık Kiralama A.Ş.","8acae2c58b2fa64e018e0edc8c8619eb","https://www.kap.org.tr/tr/api/company-detail/sgbf-data/8acae2c58b2fa64e018e0edc8c8619eb/ODA/365"
"D Varlık Kıralama A.S.","8acae2c49145e00b01928aa470dd5fda","https://www.kap.org.tr/tr/api/company-detail/sgbf-data/8acae2c49145e00b01928aa470dd5fda/ODA/365"
"Halk Varlık Kiralama A.Ş.","8acae2c45fc5ff9c016002b79772115e","https://www.kap.org.tr/tr/api/company-detail/sgbf-data/8acae2c45fc5ff9c016002b79772115e/ODA/365"
"Dk Varlık Kiralama A.Ş.","8acae2c5991b90af01992916f11d02c7","https://www.kap.org.tr/tr/api/company-detail/sgbf-data/8acae2c5991b90af01992916f11d02c7/ODA/365"
"Katılım Varlık Kiralama A.Ş.","8acae2c45835eb6501589126d8f220fc","https://www.kap.org.tr/tr/api/company-detail/sgbf-data/8acae2c45835eb6501589126d8f220fc/ODA/365"
"Emlak Varlık Kiralama A.Ş.","8acae2c56cc265e9016d204e39f71dbc","https://www.kap.org.tr/tr/api/company-detail/sgbf-data/8acae2c56cc265e9016d204e39f71dbc/ODA/365"
"Vakıf Varlık Kiralama A.Ş.","8acae2c45835eb6501589126775520fb","https://www.kap.org.tr/tr/api/company-detail/sgbf-data/8acae2c45835eb6501589126775520fb/ODA/365"
"Hayat Varlık Kıralama A.S.","8acae2c59145e00e0197bff60dc62a30","https://www.kap.org.tr/tr/api/company-detail/sgbf-data/8acae2c59145e00e0197bff60dc62a30/ODA/365"
"Emlak Katılım Varlık Kiralama A.Ş.","8acae2c56faf888c017139d3005854da","https://www.kap.org.tr/tr/api/company-detail/sgbf-data/8acae2c56faf888c017139d3005854da/ODA/365"
"Qnb Finans Varlık Kiralama A.Ş.","8acae2c468aeffb70169914527d01563","https://www.kap.org.tr/tr/api/company-detail/sgbf-data/8acae2c468aeffb70169914527d01563/ODA/365"
"Değer Varlık Kiralama A.Ş.","8acae2c575a1b5b60176707955d239ff","https://www.kap.org.tr/tr/api/company-detail/sgbf-data/8acae2c575a1b5b60176707955d239ff/ODA/365"
"Aktif Bank Sukuk Varlık Kiralama A.Ş.","4028e4a14371e097014371f9653d00c2","https://www.kap.org.tr/tr/api/company-detail/sgbf-data/4028e4a14371e097014371f9653d00c2/ODA/365"
"Tf Varlık Kiralama A.Ş.","4028e4a240f2ef4c01413b17046806f6","https://www.kap.org.tr/tr/api/company-detail/sgbf-data/4028e4a240f2ef4c01413b17046806f6/ODA/365"
"Golden Global Varlık Kiralama A.Ş.","8acae2c5830502c2018451afb35c132d","https://www.kap.org.tr/tr/api/company-detail/sgbf-data/8acae2c5830502c2018451afb35c132d/ODA/365"
"Zorlu Enerji Elektrik Üretim A.Ş.","4028e4a140f2ed7201412c19687407a7","https://www.kap.org.tr/tr/api/company-detail/sgbf-data/4028e4a140f2ed7201412c19687407a7/ODA/365"
"Alnus Yatırım Menkul Değerler A.Ş.","4028e4a141da49e50141e085b2112b8a","https://www.kap.org.tr/tr/api/company-detail/sgbf-data/4028e4a141da49e50141e085b2112b8a/ODA/365"
"Korteks Mensucat Sanayi Ve Ticaret A.Ş.","4028e4a140f2ed720140f2f4659e00bc","https://www.kap.org.tr/tr/api/company-detail/sgbf-data/4028e4a140f2ed720140f2f4659e00bc/ODA/365"
"Vestel Beyaz Eşya Sanayi Ve Ticaret A.Ş.","4028e4a140f2ed7201412c223c9707e6","https://www.kap.org.tr/tr/api/company-detail/sgbf-data/4028e4a140f2ed7201412c223c9707e6/ODA/365"
"Vestel Elektronik Sanayi Ve Ticaret A.Ş.","4028e4a140f2ed7201412c2000c507db","https://www.kap.org.tr/tr/api/company-detail/sgbf-data/4028e4a140f2ed7201412c2000c507db/ODA/365"
"Hedef  Araç  Kiralama  Ve Servis A.Ş","4028e4a246b4c5ad0147c4b464893865","https://www.kap.org.tr/tr/api/company-detail/sgbf-data/4028e4a246b4c5ad0147c4b464893865/ODA/365"
"Koç Finansman A.Ş.","4028e4a140f2ed710140f2f251eb0026","https://www.kap.org.tr/tr/api/company-detail/sgbf-data/4028e4a140f2ed710140f2f251eb0026/ODA/365"
"Q Yatırım Bankası A.Ş.","8acae2c58b2fa64e019103ccd8093825","https://www.kap.org.tr/tr/api/company-detail/sgbf-data/8acae2c58b2fa64e019103ccd8093825/ODA/365"
"Opet Petrolcülük A.Ş.","4028e4a240e95dc30140ee34335300e8","https://www.kap.org.tr/tr/api/company-detail/sgbf-data/4028e4a240e95dc30140ee34335300e8/ODA/365"
"Yapı Ve Kredi Bankası A.Ş.","4028e4a240f2ef4c01412ae6d6630538","https://www.kap.org.tr/tr/api/company-detail/sgbf-data/4028e4a240f2ef4c01412ae6d6630538/ODA/365"
"Arçelik A.Ş.","4028e4a240e95dc90140ed55b43900cf","https://www.kap.org.tr/tr/api/company-detail/sgbf-data/4028e4a240e95dc90140ed55b43900cf/ODA/365"
"Bulls  Yatırım Menkul Değerler A.Ş.","4028e4a2415f4f8401415ffac5a034a9","https://www.kap.org.tr/tr/api/company-detail/sgbf-data/4028e4a2415f4f8401415ffac5a034a9/ODA/365"
"Mint Finansman A.Ş.","8acae2c4998f24d8019a0586000256ef","https://www.kap.org.tr/tr/api/company-detail/sgbf-data/8acae2c4998f24d8019a0586000256ef/ODA/365"
"Altınkılıç Gıda Ve Süt Sanayi Ticaret A.Ş.","8acae2c48c3efac0018fabe7ce965048","https://www.kap.org.tr/tr/api/company-detail/sgbf-data/8acae2c48c3efac0018fabe7ce965048/ODA/365"
"Yapı Kredi Yatırım Menkul Değerler A.Ş.","4028e4a240f2ef4c01412ae47c99052d","https://www.kap.org.tr/tr/api/company-detail/sgbf-data/4028e4a240f2ef4c01412ae47c99052d/ODA/365"
"Ak Yatırım Menkul Değerler A.Ş.","4028e4a240e8d16e0140e8f3d0fe0047","https://www.kap.org.tr/tr/api/company-detail/sgbf-data/4028e4a240e8d16e0140e8f3d0fe0047/ODA/365"
"Ereğli Tekstil Turizm Sanayi Ve Ticaret A.Ş.","4028e4a24337209001434898a6893468","https://www.kap.org.tr/tr/api/company-detail/sgbf-data/4028e4a24337209001434898a6893468/ODA/365"
"Otosor Otomotiv A.Ş.","8acae2c486d22a3b018b041f67b641d2","https://www.kap.org.tr/tr/api/company-detail/sgbf-data/8acae2c486d22a3b018b041f67b641d2/ODA/365"
"Carrefoursa Carrefour Sabancı Ticaret Merkezi A.Ş.","4028e4a140ee35c00140ee56930f0024","https://www.kap.org.tr/tr/api/company-detail/sgbf-data/4028e4a140ee35c00140ee56930f0024/ODA/365"
"Trıve Yatırım Menkul Değerler A.Ş.","4028e4a2416f888d01416f9bd89f0453","https://www.kap.org.tr/tr/api/company-detail/sgbf-data/4028e4a2416f888d01416f9bd89f0453/ODA/365"
"Tiryaki Agro Gıda Sanayi Ve Ticaret A.Ş.","1DE05DAA8408073AE0530A4A622A2EBD","https://www.kap.org.tr/tr/api/company-detail/sgbf-data/1DE05DAA8408073AE0530A4A622A2EBD/ODA/365"
"Smart  Güneş  Enerjisi Teknolojileri  Araştırma Geliştirme  Üretim  Sanayi Ve Ticaret A.Ş.","8acae2c47d3bee4e017f49ce882e7b01","https://www.kap.org.tr/tr/api/company-detail/sgbf-data/8acae2c47d3bee4e017f49ce882e7b01/ODA/365"
"Erciyas Çelik Boru San. A.Ş.","2af53003ee3c4464b0b653225816518d","https://www.kap.org.tr/tr/api/company-detail/sgbf-data/2af53003ee3c4464b0b653225816518d/ODA/365"
"A1 Capıtal Yatırım Menkul Değerler A.Ş.","4028e4a1416e696301416f37201c5f2e","https://www.kap.org.tr/tr/api/company-detail/sgbf-data/4028e4a1416e696301416f37201c5f2e/ODA/365"
"Timur Gayrimenkul Geliştirme Yapı Ve Yatırım A.Ş.","1DE05DAA8407073AE0530A4A622A2EBD","https://www.kap.org.tr/tr/api/company-detail/sgbf-data/1DE05DAA8407073AE0530A4A622A2EBD/ODA/365"
"Pınar Entegre Et Ve Un Sanayii A.Ş.","4028e4a240ee866c0140f1f7b3990027","https://www.kap.org.tr/tr/api/company-detail/sgbf-data/4028e4a240ee866c0140f1f7b3990027/ODA/365"
"Investaz Yatırım Menkul Değerler A.Ş.","4028e4a14184e9cf0141934f00662c2e","https://www.kap.org.tr/tr/api/company-detail/sgbf-data/4028e4a14184e9cf0141934f00662c2e/ODA/365"
"Eıp Eczacıbası Ilac Pazarlama Anonım Sırketı","4028e4a2462cc71d014694521292040f","https://www.kap.org.tr/tr/api/company-detail/sgbf-data/4028e4a2462cc71d014694521292040f/ODA/365"
"Derlüks Yatırım Holding A.Ş.","8acae2c469cee2a4016a5492160c43c3","https://www.kap.org.tr/tr/api/company-detail/sgbf-data/8acae2c469cee2a4016a5492160c43c3/ODA/365"
"Derlüks  Yatırım Holding A.Ş.","8acae2c469cee2a4016a5492160c43c3","https://www.kap.org.tr/tr/api/company-detail/sgbf-data/8acae2c469cee2a4016a5492160c43c3/ODA/365"
"Atılım Faktoring A.Ş.","4028e4a140f2ed7101413af757590466","https://www.kap.org.tr/tr/api/company-detail/sgbf-data/4028e4a140f2ed7101413af757590466/ODA/365"
"Karsan Otomotiv Sanayii Ve Ticaret A.Ş.","4028e4a140f275530140f2e357a501f7","https://www.kap.org.tr/tr/api/company-detail/sgbf-data/4028e4a140f275530140f2e357a501f7/ODA/365"
"İş Finansal Kiralama A.Ş.","4028e4a140f2ed7101410d272d690188","https://www.kap.org.tr/tr/api/company-detail/sgbf-data/4028e4a140f2ed7101410d272d690188/ODA/365"
"Akça Kimyevi Maddeler Nakliyat Ticaret Ve Sanayi A.Ş.","8acae2c562329bd10163017c6c706bdd","https://www.kap.org.tr/tr/api/company-detail/sgbf-data/8acae2c562329bd10163017c6c706bdd/ODA/365"
"Halk Yatırım Menkul Değerler A.Ş.","4028e4a240f2ef4c01411654e5fc0479","https://www.kap.org.tr/tr/api/company-detail/sgbf-data/4028e4a240f2ef4c01411654e5fc0479/ODA/365"
"Akademi Çevre Entegre Atık Yönetimi Endüstri A.Ş.","8acae2c4991b8c31019928545a1100fe","https://www.kap.org.tr/tr/api/company-detail/sgbf-data/8acae2c4991b8c31019928545a1100fe/ODA/365"
"Koray Gayrimenkul Yatırım Ortaklığı A.Ş.","4028e4a240f2ef4c0141176f57ca04a5","https://www.kap.org.tr/tr/api/company-detail/sgbf-data/4028e4a240f2ef4c0141176f57ca04a5/ODA/365"
"Yapı Kredi Finansal Kiralama A.O.","4028e4a1413b7ef401414503a8c00095","https://www.kap.org.tr/tr/api/company-detail/sgbf-data/4028e4a1413b7ef401414503a8c00095/ODA/365"
"Deniz Yatırım Menkul Kıymetler A.Ş.","4028e4a240f2ef4c01412b0a0cb90593","https://www.kap.org.tr/tr/api/company-detail/sgbf-data/4028e4a240f2ef4c01412b0a0cb90593/ODA/365"
"İnfo Yatırım Menkul Değerler A.Ş.","4028e4a2416e696c01416edd30ca3148","https://www.kap.org.tr/tr/api/company-detail/sgbf-data/4028e4a2416e696c01416edd30ca3148/ODA/365"
"Adel Kalemcilik Ticaret Ve Sanayi A.Ş.","4028e4a240e8d16e0140e8f159dc0033","https://www.kap.org.tr/tr/api/company-detail/sgbf-data/4028e4a240e8d16e0140e8f159dc0033/ODA/365"
"Meksa Yatırım Menkul Değerler A.Ş.","4028e4a24184e9e50141981faaf249d3","https://www.kap.org.tr/tr/api/company-detail/sgbf-data/4028e4a24184e9e50141981faaf249d3/ODA/365"
"Qnb  Finansal Kiralama A.Ş.","4028e4a140f2ed7201410821418e027d","https://www.kap.org.tr/tr/api/company-detail/sgbf-data/4028e4a140f2ed7201410821418e027d/ODA/365"
"Pınar Süt Mamulleri Sanayii A.Ş.","4028e4a240ee866c0140f1f97e530042","https://www.kap.org.tr/tr/api/company-detail/sgbf-data/4028e4a240ee866c0140f1f97e530042/ODA/365"
"Dyo Boya Fabrikaları A.Ş.","4028e4a140e8cf9d0140e95835a30033","https://www.kap.org.tr/tr/api/company-detail/sgbf-data/4028e4a140e8cf9d0140e95835a30033/ODA/365"
"Tv8 Tv Yayıncılık A.Ş","4028e4a1415f4d9b014160385b35407b","https://www.kap.org.tr/tr/api/company-detail/sgbf-data/4028e4a1415f4d9b014160385b35407b/ODA/365"
"Alves Kablo Sanayi Ve Ticaret A.Ş.","8acae2c58b2fa64e018dc0263b1377aa","https://www.kap.org.tr/tr/api/company-detail/sgbf-data/8acae2c58b2fa64e018dc0263b1377aa/ODA/365"
"Doruk Faktoring A.Ş.","4028e4a141462dfe01414b0e029d286f","https://www.kap.org.tr/tr/api/company-detail/sgbf-data/4028e4a141462dfe01414b0e029d286f/ODA/365"
"Akdeniz Faktoring A.Ş.","4028e4a1415f4d990141601150cc3212","https://www.kap.org.tr/tr/api/company-detail/sgbf-data/4028e4a1415f4d990141601150cc3212/ODA/365"
"Çamsan Entegre Ağaç Sanayi Ve Ticaret Anonim Şirketi","8acae2c4998f24d8019ad909b0f14c09","https://www.kap.org.tr/tr/api/company-detail/sgbf-data/8acae2c4998f24d8019ad909b0f14c09/ODA/365"
"Tacirler Yatırım Menkul Değerler A.Ş.","4028e4a14184e9cf01419c00c2a65a7e","https://www.kap.org.tr/tr/api/company-detail/sgbf-data/4028e4a14184e9cf01419c00c2a65a7e/ODA/365"
"Marbaş Menkul Değerler A.Ş.","4028e4a140f2ed7101413af95c8c047c","https://www.kap.org.tr/tr/api/company-detail/sgbf-data/4028e4a140f2ed7101413af95c8c047c/ODA/365"
"Garanti Filo Yönetimi Hizmetleri A.Ş.","4028e4a240f2ef4c01413a53aa850684","https://www.kap.org.tr/tr/api/company-detail/sgbf-data/4028e4a240f2ef4c01413a53aa850684/ODA/365"
"Ünlü Yatırım Holding A.Ş.","4028e4a24bcf2bca014be9def2a47203","https://www.kap.org.tr/tr/api/company-detail/sgbf-data/4028e4a24bcf2bca014be9def2a47203/ODA/365"
"Deniz Finansal Kiralama A.Ş.","4028e4a140f2ed7101411793bae502d5","https://www.kap.org.tr/tr/api/company-detail/sgbf-data/4028e4a140f2ed7101411793bae502d5/ODA/365"
"İş Faktoring A.Ş.","4028e4a2413b80ca01413bb4d2580033","https://www.kap.org.tr/tr/api/company-detail/sgbf-data/4028e4a2413b80ca01413bb4d2580033/ODA/365"
"Qnb Bank A.Ş.","4028e4a240e95dc90140ee076f400178","https://www.kap.org.tr/tr/api/company-detail/sgbf-data/4028e4a240e95dc90140ee076f400178/ODA/365"
"D Yatırım Bankası A.Ş.","8acae2c4757dba8c01759d4015520c73","https://www.kap.org.tr/tr/api/company-detail/sgbf-data/8acae2c4757dba8c01759d4015520c73/ODA/365"
"Misyon Yatırım Bankası A.Ş.","8acae2c482b7ea0b0182f949649916a8","https://www.kap.org.tr/tr/api/company-detail/sgbf-data/8acae2c482b7ea0b0182f949649916a8/ODA/365"
"Anadolu Efes Biracılık Ve Malt Sanayii A.Ş.","4028e4a140e95bea0140ed2fde10009d","https://www.kap.org.tr/tr/api/company-detail/sgbf-data/4028e4a140e95bea0140ed2fde10009d/ODA/365"
"Tera Yatırım Bankası A.Ş.","8acae2c58b2fa64e018b41c1d7310847","https://www.kap.org.tr/tr/api/company-detail/sgbf-data/8acae2c58b2fa64e018b41c1d7310847/ODA/365"
"Aztek  Teknoloji  Ürünleri Ticaret A.Ş.","8acae2c4819d0efe01826e96dd896e0e","https://www.kap.org.tr/tr/api/company-detail/sgbf-data/8acae2c4819d0efe01826e96dd896e0e/ODA/365"
"Midas Menkul Değerler A.Ş.","8acae2c4782a4d580178a723f5383685","https://www.kap.org.tr/tr/api/company-detail/sgbf-data/8acae2c4782a4d580178a723f5383685/ODA/365"
"Turk Ilac Ve Serum Sanayı Anonım Sırketı","8acae2c575a1b5b601773ec6c0030b66","https://www.kap.org.tr/tr/api/company-detail/sgbf-data/8acae2c575a1b5b601773ec6c0030b66/ODA/365"
"Teknosa İç Ve Dış Ticaret A.Ş.","4028e4a240f2ef470140f31ac6aa006f","https://www.kap.org.tr/tr/api/company-detail/sgbf-data/4028e4a240f2ef470140f31ac6aa006f/ODA/365"
"Orfin Finansman A.Ş.","4028e4a140f2ed7201411780a3bd062e","https://www.kap.org.tr/tr/api/company-detail/sgbf-data/4028e4a140f2ed7201411780a3bd062e/ODA/365"
"Dünya Varlık Yönetim A.Ş.","8acae2c569cee403016b991858035a54","https://www.kap.org.tr/tr/api/company-detail/sgbf-data/8acae2c569cee403016b991858035a54/ODA/365"
"Lider Faktoring A.Ş.","4028e4a141da49ea0141dfe0d2732d48","https://www.kap.org.tr/tr/api/company-detail/sgbf-data/4028e4a141da49ea0141dfe0d2732d48/ODA/365"
"Birikim Varlık Yönetim A.Ş.","8acae2c562329bd10162b9ff7a6b53d6","https://www.kap.org.tr/tr/api/company-detail/sgbf-data/8acae2c562329bd10162b9ff7a6b53d6/ODA/365"
"Çağdaş Faktoring A.Ş.","4028e4a1486ec80a0148b0f695d4648d","https://www.kap.org.tr/tr/api/company-detail/sgbf-data/4028e4a1486ec80a0148b0f695d4648d/ODA/365"
"Kent Finans Faktoring A.Ş.","4028e4a14184e9c901419d1119ca6579","https://www.kap.org.tr/tr/api/company-detail/sgbf-data/4028e4a14184e9c901419d1119ca6579/ODA/365"
"Ak Faktoring A.Ş.","4028e4a240e8d16e0140e8f24bd3003b","https://www.kap.org.tr/tr/api/company-detail/sgbf-data/4028e4a240e8d16e0140e8f24bd3003b/ODA/365"
"Deniz Eko Enerji Ve Geri Dönüşüm A.Ş.","8acae2c4998f24d8019abf7bb7eb4396","https://www.kap.org.tr/tr/api/company-detail/sgbf-data/8acae2c4998f24d8019abf7bb7eb4396/ODA/365"
"İstanbul Faktoring A.Ş.","4028e4a244a081810145d6e6f59b75cf","https://www.kap.org.tr/tr/api/company-detail/sgbf-data/4028e4a244a081810145d6e6f59b75cf/ODA/365"
"İstanbul Varlık Yönetim A.Ş.","4028e4a142140a8c014222e455c72489","https://www.kap.org.tr/tr/api/company-detail/sgbf-data/4028e4a142140a8c014222e455c72489/ODA/365"
"Bilkom Bilişim Hizmetleri A.Ş.","4028e4a14a5df521014b02a116c7424a","https://www.kap.org.tr/tr/api/company-detail/sgbf-data/4028e4a14a5df521014b02a116c7424a/ODA/365"
"Ag Anadolu Grubu Holding A.Ş.","4028e4a240f2ef4c014101b18dc000f7","https://www.kap.org.tr/tr/api/company-detail/sgbf-data/4028e4a240f2ef4c014101b18dc000f7/ODA/365"
"Turknet İletişim Hizmetleri A.Ş.","8acae2c469cee2a4016a77942be766cf","https://www.kap.org.tr/tr/api/company-detail/sgbf-data/8acae2c469cee2a4016a77942be766cf/ODA/365"
"Oktaş Okkaoğlu Taahhüt İnşaat Tekstil Sanayi Ve Ticaret A.Ş.","8acae2c5998f25d7019ab4ae05e35687","https://www.kap.org.tr/tr/api/company-detail/sgbf-data/8acae2c5998f25d7019ab4ae05e35687/ODA/365"
"Credıtwest Faktoring A.Ş.","4028e4a141558bdd0141561c84700589","https://www.kap.org.tr/tr/api/company-detail/sgbf-data/4028e4a141558bdd0141561c84700589/ODA/365"
"Kontrolmatik Teknoloji Enerji Ve Mühendislik A.Ş.","8acae2c5745d76320174c4879b101cb2","https://www.kap.org.tr/tr/api/company-detail/sgbf-data/8acae2c5745d76320174c4879b101cb2/ODA/365"
"Ulusal Faktoring A.Ş.","4028e4a1416e696301416f321c3d5ca7","https://www.kap.org.tr/tr/api/company-detail/sgbf-data/4028e4a1416e696301416f321c3d5ca7/ODA/365"
"Yeo Teknoloji Enerji Ve Endüstri A.Ş.","4028e4a140f2ed7101413af3da8c0440","https://www.kap.org.tr/tr/api/company-detail/sgbf-data/4028e4a140f2ed7101413af3da8c0440/ODA/365"
"Bıen Yapı Ürünleri San. Tur. Ve Tic. A.Ş.","4028e4a24a5df6e7014ba1e60b464173","https://www.kap.org.tr/tr/api/company-detail/sgbf-data/4028e4a24a5df6e7014ba1e60b464173/ODA/365"
"Otokar Otomotiv Ve Savunma Sanayi  A.Ş.","4028e4a140ee35c70140ee4316b3001d","https://www.kap.org.tr/tr/api/company-detail/sgbf-data/4028e4a140ee35c70140ee4316b3001d/ODA/365"
"Inveo Yatırım Holding A.Ş.","4028e4a140f2ed7201413b67b22f0929","https://www.kap.org.tr/tr/api/company-detail/sgbf-data/4028e4a140f2ed7201413b67b22f0929/ODA/365"
"Teb Faktoring A.Ş.","4028e4a241462fd801414f9ef4b3377b","https://www.kap.org.tr/tr/api/company-detail/sgbf-data/4028e4a241462fd801414f9ef4b3377b/ODA/365"
"Kayatur Filo Kiralama A.Ş.","8acae2c4991b8c3201992881244b00c6","https://www.kap.org.tr/tr/api/company-detail/sgbf-data/8acae2c4991b8c3201992881244b00c6/ODA/365"
"Para Finans Faktoring A.Ş.","",""
"Gezinomi Seyahat Turizm Ticaret A.Ş.","8acae2c47d3bee50017e3445b465578f","https://www.kap.org.tr/tr/api/company-detail/sgbf-data/8acae2c47d3bee50017e3445b465578f/ODA/365"
"İş Gayrimenkul Yatırım Ortaklığı A.Ş.","4028e4a140f2ed7201412acbeb8b06f7","https://www.kap.org.tr/tr/api/company-detail/sgbf-data/4028e4a140f2ed7201412acbeb8b06f7/ODA/365"
"Tera Yatırım Menkul Değerler A.Ş.","4028e4a141733b56014178115f7e51e7","https://www.kap.org.tr/tr/api/company-detail/sgbf-data/4028e4a141733b56014178115f7e51e7/ODA/365"
"Doğru Varlık Yönetimi A.Ş.","8acae2c469cee2a4016a2aff6ed42fb3","https://www.kap.org.tr/tr/api/company-detail/sgbf-data/8acae2c469cee2a4016a2aff6ed42fb3/ODA/365"
"Coca Cola İçecek A.Ş.","4028e4a140ee35c00140ee586bdd0034","https://www.kap.org.tr/tr/api/company-detail/sgbf-data/4028e4a140ee35c00140ee586bdd0034/ODA/365"
"Mng Faktoring A.Ş.","4028e4a141462df201414b08fe4e1287","https://www.kap.org.tr/tr/api/company-detail/sgbf-data/4028e4a141462df201414b08fe4e1287/ODA/365"
"Burgan Finansal Kiralama A.Ş.","4028e4a241462fd8014155181e226ec8","https://www.kap.org.tr/tr/api/company-detail/sgbf-data/4028e4a241462fd8014155181e226ec8/ODA/365"
"Sümer Faktoring A.Ş.","4028e4a144a0804f01459354f547295d","https://www.kap.org.tr/tr/api/company-detail/sgbf-data/4028e4a144a0804f01459354f547295d/ODA/365"
"Osmanlı Yatırım Menkul Değerler A.Ş.","4028e4a240ee37a30140ee408ef80002","https://www.kap.org.tr/tr/api/company-detail/sgbf-data/4028e4a240ee37a30140ee408ef80002/ODA/365"
"Tat Gıda Sanayi A.Ş.","4028e4a140f2ed720140f31089aa010a","https://www.kap.org.tr/tr/api/company-detail/sgbf-data/4028e4a140f2ed720140f31089aa010a/ODA/365"
"Borlease Otomotiv A.Ş.","8acae2c486d22a3a018b03b5cfbe29b8","https://www.kap.org.tr/tr/api/company-detail/sgbf-data/8acae2c486d22a3a018b03b5cfbe29b8/ODA/365"
"Eker Süt Ürünleri Gıda San. Ve Tic. A.Ş.","1af4bb0512df41c599b6ff93a4468ac5","https://www.kap.org.tr/tr/api/company-detail/sgbf-data/1af4bb0512df41c599b6ff93a4468ac5/ODA/365"
"Çelik Motor Ticaret A.Ş.","4028e4a1415f4d9b01416002f6573cff","https://www.kap.org.tr/tr/api/company-detail/sgbf-data/4028e4a1415f4d9b01416002f6573cff/ODA/365"
"Alj Finansman A.Ş.","4028e4a2422d9a6e01427b2bed8d5347","https://www.kap.org.tr/tr/api/company-detail/sgbf-data/4028e4a2422d9a6e01427b2bed8d5347/ODA/365"
"Volkswagen Doğuş Finansman A.Ş.","4028e4a24371e0a20143914bc74c6e5b","https://www.kap.org.tr/tr/api/company-detail/sgbf-data/4028e4a24371e0a20143914bc74c6e5b/ODA/365"
"Enerjisa Enerji A.Ş.","4028e4a1422d98690142bceaa31957cf","https://www.kap.org.tr/tr/api/company-detail/sgbf-data/4028e4a1422d98690142bceaa31957cf/ODA/365"
"Brisa Bridgestone Sabancı Lastik Sanayi Ve Ticaret A.Ş.","4028e4a140e95bea0140ee33bff201cd","https://www.kap.org.tr/tr/api/company-detail/sgbf-data/4028e4a140e95bea0140ee33bff201cd/ODA/365"
"Ak Finansal Kiralama A.Ş.","4028e4a240e8d16e0140e8f31069003f","https://www.kap.org.tr/tr/api/company-detail/sgbf-data/4028e4a240e8d16e0140e8f31069003f/ODA/365"
"Huzur Faktoring A.Ş.","4028e4a241558bd9014155ce6dec03e8","https://www.kap.org.tr/tr/api/company-detail/sgbf-data/4028e4a241558bd9014155ce6dec03e8/ODA/365"
"Tukaş Gıda Sanayi Ve Ticaret A.Ş.","4028e4a240f2ef470140f373b77f00ac","https://www.kap.org.tr/tr/api/company-detail/sgbf-data/4028e4a240f2ef470140f373b77f00ac/ODA/365"
"Kaleseramik Çanakkale Kalebodur Seramik Sanayi A.Ş.","4028e4a140f275550140f285f6cf0246","https://www.kap.org.tr/tr/api/company-detail/sgbf-data/4028e4a140f275550140f285f6cf0246/ODA/365"
"Mlp Sağlık Hizmetleri A.Ş. (Medikalpark Sağlık Hizmetleri A.Ş.)","4028e4a1462cc5dd01465c9550782baa","https://www.kap.org.tr/tr/api/company-detail/sgbf-data/4028e4a1462cc5dd01465c9550782baa/ODA/365"
"Ldr Turizm A.Ş.","8acae2c5570aaa2b0157be3a3ef749af","https://www.kap.org.tr/tr/api/company-detail/sgbf-data/8acae2c5570aaa2b0157be3a3ef749af/ODA/365"
"Q Yatırım Holding A.Ş.","8acae2c582b7eb070182f3043ec810b9","https://www.kap.org.tr/tr/api/company-detail/sgbf-data/8acae2c582b7eb070182f3043ec810b9/ODA/365"
"Vdf Filo Kiralama A.Ş.","8acae2c56faf888c0171e54394012909","https://www.kap.org.tr/tr/api/company-detail/sgbf-data/8acae2c56faf888c0171e54394012909/ODA/365"
"Eko Faktoring A.Ş.","4028e4a1420a2d8001420d4c56f30c2e","https://www.kap.org.tr/tr/api/company-detail/sgbf-data/4028e4a1420a2d8001420d4c56f30c2e/ODA/365"
"Marka Mağazacılık A.Ş.","4028e4a240f2ef470141166b45c0040d","https://www.kap.org.tr/tr/api/company-detail/sgbf-data/4028e4a240f2ef470141166b45c0040d/ODA/365"
"Tam Finans Faktoring A.Ş.","4028e4a241da4bed0141dfd84e062851","https://www.kap.org.tr/tr/api/company-detail/sgbf-data/4028e4a241da4bed0141dfd84e062851/ODA/365"
"Q Finans Faktöring A.Ş.","8acae2c575a1b5b60177156c205e0c31","https://www.kap.org.tr/tr/api/company-detail/sgbf-data/8acae2c575a1b5b60177156c205e0c31/ODA/365"
"Sümer Varlık Yönetim A.Ş.","402821814da3a99c014eb57bdd604a6f","https://www.kap.org.tr/tr/api/company-detail/sgbf-data/402821814da3a99c014eb57bdd604a6f/ODA/365"
"Arzum Elektrikli Ev Aletleri Sanayi Ve Ticaret A.Ş.","4028e4a1415f4d990141600875c531b9","https://www.kap.org.tr/tr/api/company-detail/sgbf-data/4028e4a1415f4d990141600875c531b9/ODA/365"
"Doğan Trend Otomotiv Ticaret Hizmet Ve Teknoloji A.Ş.","8acae2c57f7cbb480180b81e94cd4261","https://www.kap.org.tr/tr/api/company-detail/sgbf-data/8acae2c57f7cbb480180b81e94cd4261/ODA/365"
"Karel Elektronik Sanayi Ve Ticaret A.Ş.","4028e4a246b4c5a90147d42c754a6bba","https://www.kap.org.tr/tr/api/company-detail/sgbf-data/4028e4a246b4c5a90147d42c754a6bba/ODA/365"
"Koç Fıat Kredi Finansman A.Ş.","",""
"Türkiye Şişe Ve Cam Fabrikalaerı A.Ş","4028e4a140f2ed710140f385d5690102","https://www.kap.org.tr/tr/api/company-detail/sgbf-data/4028e4a140f2ed710140f385d5690102/ODA/365"
"Türkiye Vakıflar Bankası T.A.O.","4028e4a1415f4d9b01415fe3340f36e4","https://www.kap.org.tr/tr/api/company-detail/sgbf-data/4028e4a1415f4d9b01415fe3340f36e4/ODA/365"
"Dardanel Önentaş Gıda Sanayi A.Ş.","4028e4a144a0804e014521a6ca1c0705","https://www.kap.org.tr/tr/api/company-detail/sgbf-data/4028e4a144a0804e014521a6ca1c0705/ODA/365"
"Burgan Bank A.Ş.","",""
"Şekerbank T.A.Ş.","4028e4a240f2ef4c01412adc8fba04ee","https://www.kap.org.tr/tr/api/company-detail/sgbf-data/4028e4a240f2ef4c01412adc8fba04ee/ODA/365"
"Türkiye Halk Bankası A.Ş.","1DE05DAA82C3073AE0530A4A622A2EBD","https://www.kap.org.tr/tr/api/company-detail/sgbf-data/1DE05DAA82C3073AE0530A4A622A2EBD/ODA/365"
"Nurol Yatırım Bankası A.Ş.","4028e4a1415f4d9901416dc894a66313","https://www.kap.org.tr/tr/api/company-detail/sgbf-data/4028e4a1415f4d9901416dc894a66313/ODA/365"
"Aktif Yatırım Bankası A.Ş.","1DE05DAA8212073AE0530A4A622A2EBD","https://www.kap.org.tr/tr/api/company-detail/sgbf-data/1DE05DAA8212073AE0530A4A622A2EBD/ODA/365"
"Otokoç Otomotiv Tic Ve San A.Ş.","4028e4a240ee37a90140ee45a0fa0007","https://www.kap.org.tr/tr/api/company-detail/sgbf-data/4028e4a240ee37a90140ee45a0fa0007/ODA/365"
"Mercedes-Benz Kamyon Finansman A.Ş.","8acae2c48304fe9c0186986217ed49c5","https://www.kap.org.tr/tr/api/company-detail/sgbf-data/8acae2c48304fe9c0186986217ed49c5/ODA/365"
"Mercedes-Benz Finansman Türk A.Ş.","4028e4a241733d420141744bc087317b","https://www.kap.org.tr/tr/api/company-detail/sgbf-data/4028e4a241733d420141744bc087317b/ODA/365"
"Koç Stellantis Finansman A.Ş.","4028e4a140f2ed710140f2f01f960011","https://www.kap.org.tr/tr/api/company-detail/sgbf-data/4028e4a140f2ed710140f2f01f960011/ODA/365"
"Quick Fınansman A.Ş.","",""
"Uşak Seramik Sanayii A.Ş.","1DE05DAA843E073AE0530A4A622A2EBD","https://www.kap.org.tr/tr/api/company-detail/sgbf-data/1DE05DAA843E073AE0530A4A622A2EBD/ODA/365"
"Fibabanka A.Ş.","1DE05DAA820D073AE0530A4A622A2EBD","https://www.kap.org.tr/tr/api/company-detail/sgbf-data/1DE05DAA820D073AE0530A4A622A2EBD/ODA/365"
"Türkiye İş Bankası A.Ş.","4028e4a140f2ed7201411682b0cb05c6","https://www.kap.org.tr/tr/api/company-detail/sgbf-data/4028e4a140f2ed7201411682b0cb05c6/ODA/365"
"Tüpraş-Türkiye Petrol Rafinerileri A.Ş.","4028e4a140f2ed720140f37f139c01bc","https://www.kap.org.tr/tr/api/company-detail/sgbf-data/4028e4a140f2ed720140f37f139c01bc/ODA/365"
"Deva Holding A.Ş.","",""
"Sarten Ambalaj Sanayi Ve Ticaret A.Ş.","4028e4a1413b7ef5014144f0375b00cf","https://www.kap.org.tr/tr/api/company-detail/sgbf-data/4028e4a1413b7ef5014144f0375b00cf/ODA/365"
"Emir Varlık Yönetim A.Ş.","8acae2c569cee403016bfffc3245069f","https://www.kap.org.tr/tr/api/company-detail/sgbf-data/8acae2c569cee403016bfffc3245069f/ODA/365"
"Halk Finansal Kiralama A.Ş.","4028e4a240f2ef470140f39a7f7600b1","https://www.kap.org.tr/tr/api/company-detail/sgbf-data/4028e4a240f2ef470140f39a7f7600b1/ODA/365"
"Turk Finansman A.Ş.","8acae2c46d7599a6016d873a5f860360","https://www.kap.org.tr/tr/api/company-detail/sgbf-data/8acae2c46d7599a6016d873a5f860360/ODA/365"
"Türkiye İhracat Kredi Bankası A.Ş.","1DE05DAA8430073AE0530A4A622A2EBD","https://www.kap.org.tr/tr/api/company-detail/sgbf-data/1DE05DAA8430073AE0530A4A622A2EBD/ODA/365"
"Qnb Finans Faktoring A.Ş.","4028e4a140e95be70140edf441e100cc","https://www.kap.org.tr/tr/api/company-detail/sgbf-data/4028e4a140e95be70140edf441e100cc/ODA/365"
"İş Yatırım Menkul Değerler A.Ş.","4028e4a140f275530140f277aa100008","https://www.kap.org.tr/tr/api/company-detail/sgbf-data/4028e4a140f275530140f277aa100008/ODA/365"
"Oyak Yatırım Menkul Değerler A.Ş.","4028e4a14158e41f01415a5e854d4441","https://www.kap.org.tr/tr/api/company-detail/sgbf-data/4028e4a14158e41f01415a5e854d4441/ODA/365"
"Yatırım Finansman Menkul Değerler A.Ş.","4028e4a140f2ed72014101ad44740202","https://www.kap.org.tr/tr/api/company-detail/sgbf-data/4028e4a140f2ed72014101ad44740202/ODA/365"
"Destek Yatırım Menkul Değerler A.Ş.","fb4e3f58d05d4f01a5f15679e90748e9","https://www.kap.org.tr/tr/api/company-detail/sgbf-data/fb4e3f58d05d4f01a5f15679e90748e9/ODA/365"
"Gedik Yatırım Menkul Değerler A.Ş.","4028e4a140e95bea0140ee1edd700174","https://www.kap.org.tr/tr/api/company-detail/sgbf-data/4028e4a140e95bea0140ee1edd700174/ODA/365"
"Şeker Yatırım Menkul Değerler A.Ş.","4028e4a241a25fcb0141a7c4a064241c","https://www.kap.org.tr/tr/api/company-detail/sgbf-data/4028e4a241a25fcb0141a7c4a064241c/ODA/365"
"Ata Yatırım Menkul Kıymetler A.Ş.","4028e4a140e95bea0140ede507ca0145","https://www.kap.org.tr/tr/api/company-detail/sgbf-data/4028e4a140e95bea0140ede507ca0145/ODA/365"
"Başer Faktoring A.Ş.","4028e4a1416e696501416f7dd13c7b4b","https://www.kap.org.tr/tr/api/company-detail/sgbf-data/4028e4a1416e696501416f7dd13c7b4b/ODA/365"
"Pasha Yatırım Bankası A.Ş.","4028e4a14184e9c9014192aa6c1c1e03","https://www.kap.org.tr/tr/api/company-detail/sgbf-data/4028e4a14184e9c9014192aa6c1c1e03/ODA/365"
"Birleşik İpotek Finansmanı A.Ş.","8acae2c5782a4e6d01783f3698c50786","https://www.kap.org.tr/tr/api/company-detail/sgbf-data/8acae2c5782a4e6d01783f3698c50786/ODA/365"
"Destek Yatırım Bankası A.Ş.","8acae2c57afb2d71017c17eefbf57971","https://www.kap.org.tr/tr/api/company-detail/sgbf-data/8acae2c57afb2d71017c17eefbf57971/ODA/365"
